task_id,function,code_correct,reference_passed,reference_total,iterations_run,tests_total,tests_passed,tests_failed,statement_pct,branch_pct,target_met,verdict,oracle_valid,oracle_total,real_bug_found,coverage_by_iteration
11,remove_Occ,True,3,3,1,6,6,0,100.0,100.0,True,PASS,6,6,False,100
12,sort_matrix,True,3,3,1,5,5,0,100.0,100.0,True,PASS,5,5,False,100
14,find_Volume,True,3,3,1,1,1,0,100.0,100.0,True,PASS,1,1,False,100
16,text_lowercase_underscore,True,3,3,1,12,12,0,100.0,100.0,True,PASS,10,12,False,100
17,square_perimeter,True,3,3,1,4,4,0,100.0,100.0,True,PASS,4,4,False,100
18,remove_dirty_chars,True,3,3,2,10,10,0,100.0,100.0,True,PASS,10,10,False,100 -> 100
19,test_duplicate,False,3,3,2,8,8,0,100.0,100.0,True,PASS,8,8,False,100 -> 100
20,is_woodall,True,3,3,3,7,7,0,100.0,100.0,True,PASS,7,7,False,83.33 -> 0 -> 100
56,check,True,3,3,3,12,11,1,100.0,100.0,True,TEST_BUG,11,12,False,100 -> 0 -> 100
57,find_Max_Num,True,3,3,2,8,8,0,100.0,100.0,True,PASS,7,8,False,100 -> 100
